date,date_id,date_name,day,day_number_of_year,days_in_month,first_day_of_month,first_day_of_month_id,is_leap_year,is_weekday,iso_day,iso_day_id,iso_last_year_day_id,iso_week,iso_week_id,iso_year,iso_year_id,last_day_of_month,last_day_of_month_id,month,month_id,month_name,previous_day_id,previous_month_id,previous_quarter_id,previous_year_id,quarter,quarter_id,short_month_name,weekday,year,year_id
2017-01-01,20170101,"January 01, 2017",1,1,31,2017-01-01,20170101,0,0,7,2016527,2015527,52,201652,2016,2016,2017-01-31,20170131,1,201701,January,20161231,201612,20164,2016,1,20171,Jan,7,2017,2017
2017-01-02,20170102,"January 02, 2017",2,2,31,2017-01-01,20170101,0,1,1,2017011,2016011,1,201701,2017,2017,2017-01-31,20170131,1,201701,January,20170101,201612,20164,2016,1,20171,Jan,1,2017,2017
2017-01-03,20170103,"January 03, 2017",3,3,31,2017-01-01,20170101,0,1,2,2017012,2016012,1,201701,2017,2017,2017-01-31,20170131,1,201701,January,20170102,201612,20164,2016,1,20171,Jan,2,2017,2017
2017-01-04,20170104,"January 04, 2017",4,4,31,2017-01-01,20170101,0,1,3,2017013,2016013,1,201701,2017,2017,2017-01-31,20170131,1,201701,January,20170103,201612,20164,2016,1,20171,Jan,3,2017,2017
2017-01-05,20170105,"January 05, 2017",5,5,31,2017-01-01,20170101,0,1,4,2017014,2016014,1,201701,2017,2017,2017-01-31,20170131,1,201701,January,20170104,201612,20164,2016,1,20171,Jan,4,2017,2017
2017-01-06,20170106,"January 06, 2017",6,6,31,2017-01-01,20170101,0,1,5,2017015,2016015,1,201701,2017,2017,2017-01-31,20170131,1,201701,January,20170105,201612,20164,2016,1,20171,Jan,5,2017,2017
2017-01-07,20170107,"January 07, 2017",7,7,31,2017-01-01,20170101,0,0,6,2017016,2016016,1,201701,2017,2017,2017-01-31,20170131,1,201701,January,20170106,201612,20164,2016,1,20171,Jan,6,2017,2017
2017-01-08,20170108,"January 08, 2017",8,8,31,2017-01-01,20170101,0,0,7,2017017,2016017,1,201701,2017,2017,2017-01-31,20170131,1,201701,January,20170107,201612,20164,2016,1,20171,Jan,7,2017,2017
2017-01-09,20170109,"January 09, 2017",9,9,31,2017-01-01,20170101,0,1,1,2017021,2016021,2,201702,2017,2017,2017-01-31,20170131,1,201701,January,20170108,201612,20164,2016,1,20171,Jan,1,2017,2017
2017-01-10,20170110,"January 10, 2017",10,10,31,2017-01-01,20170101,0,1,2,2017022,2016022,2,201702,2017,2017,2017-01-31,20170131,1,201701,January,20170109,201612,20164,2016,1,20171,Jan,2,2017,2017
2017-01-11,20170111,"January 11, 2017",11,11,31,2017-01-01,20170101,0,1,3,2017023,2016023,2,201702,2017,2017,2017-01-31,20170131,1,201701,January,20170110,201612,20164,2016,1,20171,Jan,3,2017,2017
2017-01-12,20170112,"January 12, 2017",12,12,31,2017-01-01,20170101,0,1,4,2017024,2016024,2,201702,2017,2017,2017-01-31,20170131,1,201701,January,20170111,201612,20164,2016,1,20171,Jan,4,2017,2017
2017-01-13,20170113,"January 13, 2017",13,13,31,2017-01-01,20170101,0,1,5,2017025,2016025,2,201702,2017,2017,2017-01-31,20170131,1,201701,January,20170112,201612,20164,2016,1,20171,Jan,5,2017,2017
2017-01-14,20170114,"January 14, 2017",14,14,31,2017-01-01,20170101,0,0,6,2017026,2016026,2,201702,2017,2017,2017-01-31,20170131,1,201701,January,20170113,201612,20164,2016,1,20171,Jan,6,2017,2017
2017-01-15,20170115,"January 15, 2017",15,15,31,2017-01-01,20170101,0,0,7,2017027,2016027,2,201702,2017,2017,2017-01-31,20170131,1,201701,January,20170114,201612,20164,2016,1,20171,Jan,7,2017,2017
2017-01-16,20170116,"January 16, 2017",16,16,31,2017-01-01,20170101,0,1,1,2017031,2016031,3,201703,2017,2017,2017-01-31,20170131,1,201701,January,20170115,201612,20164,2016,1,20171,Jan,1,2017,2017
2017-01-17,20170117,"January 17, 2017",17,17,31,2017-01-01,20170101,0,1,2,2017032,2016032,3,201703,2017,2017,2017-01-31,20170131,1,201701,January,20170116,201612,20164,2016,1,20171,Jan,2,2017,2017
2017-01-18,20170118,"January 18, 2017",18,18,31,2017-01-01,20170101,0,1,3,2017033,2016033,3,201703,2017,2017,2017-01-31,20170131,1,201701,January,20170117,201612,20164,2016,1,20171,Jan,3,2017,2017
2017-01-19,20170119,"January 19, 2017",19,19,31,2017-01-01,20170101,0,1,4,2017034,2016034,3,201703,2017,2017,2017-01-31,20170131,1,201701,January,20170118,201612,20164,2016,1,20171,Jan,4,2017,2017
2017-01-20,20170120,"January 20, 2017",20,20,31,2017-01-01,20170101,0,1,5,2017035,2016035,3,201703,2017,2017,2017-01-31,20170131,1,201701,January,20170119,201612,20164,2016,1,20171,Jan,5,2017,2017
2017-01-21,20170121,"January 21, 2017",21,21,31,2017-01-01,20170101,0,0,6,2017036,2016036,3,201703,2017,2017,2017-01-31,20170131,1,201701,January,20170120,201612,20164,2016,1,20171,Jan,6,2017,2017
2017-01-22,20170122,"January 22, 2017",22,22,31,2017-01-01,20170101,0,0,7,2017037,2016037,3,201703,2017,2017,2017-01-31,20170131,1,201701,January,20170121,201612,20164,2016,1,20171,Jan,7,2017,2017
2017-01-23,20170123,"January 23, 2017",23,23,31,2017-01-01,20170101,0,1,1,2017041,2016041,4,201704,2017,2017,2017-01-31,20170131,1,201701,January,20170122,201612,20164,2016,1,20171,Jan,1,2017,2017
2017-01-24,20170124,"January 24, 2017",24,24,31,2017-01-01,20170101,0,1,2,2017042,2016042,4,201704,2017,2017,2017-01-31,20170131,1,201701,January,20170123,201612,20164,2016,1,20171,Jan,2,2017,2017
2017-01-25,20170125,"January 25, 2017",25,25,31,2017-01-01,20170101,0,1,3,2017043,2016043,4,201704,2017,2017,2017-01-31,20170131,1,201701,January,20170124,201612,20164,2016,1,20171,Jan,3,2017,2017
2017-01-26,20170126,"January 26, 2017",26,26,31,2017-01-01,20170101,0,1,4,2017044,2016044,4,201704,2017,2017,2017-01-31,20170131,1,201701,January,20170125,201612,20164,2016,1,20171,Jan,4,2017,2017
2017-01-27,20170127,"January 27, 2017",27,27,31,2017-01-01,20170101,0,1,5,2017045,2016045,4,201704,2017,2017,2017-01-31,20170131,1,201701,January,20170126,201612,20164,2016,1,20171,Jan,5,2017,2017
2017-01-28,20170128,"January 28, 2017",28,28,31,2017-01-01,20170101,0,0,6,2017046,2016046,4,201704,2017,2017,2017-01-31,20170131,1,201701,January,20170127,201612,20164,2016,1,20171,Jan,6,2017,2017
2017-01-29,20170129,"January 29, 2017",29,29,31,2017-01-01,20170101,0,0,7,2017047,2016047,4,201704,2017,2017,2017-01-31,20170131,1,201701,January,20170128,201612,20164,2016,1,20171,Jan,7,2017,2017
2017-01-30,20170130,"January 30, 2017",30,30,31,2017-01-01,20170101,0,1,1,2017051,2016051,5,201705,2017,2017,2017-01-31,20170131,1,201701,January,20170129,201612,20164,2016,1,20171,Jan,1,2017,2017
2017-01-31,20170131,"January 31, 2017",31,31,31,2017-01-01,20170101,0,1,2,2017052,2016052,5,201705,2017,2017,2017-01-31,20170131,1,201701,January,20170130,201612,20164,2016,1,20171,Jan,2,2017,2017
2017-02-01,20170201,"February 01, 2017",1,32,28,2017-02-01,20170201,0,1,3,2017053,2016053,5,201705,2017,2017,2017-02-28,20170228,2,201702,February,20170131,201701,20164,2016,1,20171,Feb,3,2017,2017
2017-02-02,20170202,"February 02, 2017",2,33,28,2017-02-01,20170201,0,1,4,2017054,2016054,5,201705,2017,2017,2017-02-28,20170228,2,201702,February,20170201,201701,20164,2016,1,20171,Feb,4,2017,2017
2017-02-03,20170203,"February 03, 2017",3,34,28,2017-02-01,20170201,0,1,5,2017055,2016055,5,201705,2017,2017,2017-02-28,20170228,2,201702,February,20170202,201701,20164,2016,1,20171,Feb,5,2017,2017
2017-02-04,20170204,"February 04, 2017",4,35,28,2017-02-01,20170201,0,0,6,2017056,2016056,5,201705,2017,2017,2017-02-28,20170228,2,201702,February,20170203,201701,20164,2016,1,20171,Feb,6,2017,2017
2017-02-05,20170205,"February 05, 2017",5,36,28,2017-02-01,20170201,0,0,7,2017057,2016057,5,201705,2017,2017,2017-02-28,20170228,2,201702,February,20170204,201701,20164,2016,1,20171,Feb,7,2017,2017
2017-02-06,20170206,"February 06, 2017",6,37,28,2017-02-01,20170201,0,1,1,2017061,2016061,6,201706,2017,2017,2017-02-28,20170228,2,201702,February,20170205,201701,20164,2016,1,20171,Feb,1,2017,2017
2017-02-07,20170207,"February 07, 2017",7,38,28,2017-02-01,20170201,0,1,2,2017062,2016062,6,201706,2017,2017,2017-02-28,20170228,2,201702,February,20170206,201701,20164,2016,1,20171,Feb,2,2017,2017
2017-02-08,20170208,"February 08, 2017",8,39,28,2017-02-01,20170201,0,1,3,2017063,2016063,6,201706,2017,2017,2017-02-28,20170228,2,201702,February,20170207,201701,20164,2016,1,20171,Feb,3,2017,2017
2017-02-09,20170209,"February 09, 2017",9,40,28,2017-02-01,20170201,0,1,4,2017064,2016064,6,201706,2017,2017,2017-02-28,20170228,2,201702,February,20170208,201701,20164,2016,1,20171,Feb,4,2017,2017
2017-02-10,20170210,"February 10, 2017",10,41,28,2017-02-01,20170201,0,1,5,2017065,2016065,6,201706,2017,2017,2017-02-28,20170228,2,201702,February,20170209,201701,20164,2016,1,20171,Feb,5,2017,2017
2017-02-11,20170211,"February 11, 2017",11,42,28,2017-02-01,20170201,0,0,6,2017066,2016066,6,201706,2017,2017,2017-02-28,20170228,2,201702,February,20170210,201701,20164,2016,1,20171,Feb,6,2017,2017
2017-02-12,20170212,"February 12, 2017",12,43,28,2017-02-01,20170201,0,0,7,2017067,2016067,6,201706,2017,2017,2017-02-28,20170228,2,201702,February,20170211,201701,20164,2016,1,20171,Feb,7,2017,2017
2017-02-13,20170213,"February 13, 2017",13,44,28,2017-02-01,20170201,0,1,1,2017071,2016071,7,201707,2017,2017,2017-02-28,20170228,2,201702,February,20170212,201701,20164,2016,1,20171,Feb,1,2017,2017
2017-02-14,20170214,"February 14, 2017",14,45,28,2017-02-01,20170201,0,1,2,2017072,2016072,7,201707,2017,2017,2017-02-28,20170228,2,201702,February,20170213,201701,20164,2016,1,20171,Feb,2,2017,2017
2017-02-15,20170215,"February 15, 2017",15,46,28,2017-02-01,20170201,0,1,3,2017073,2016073,7,201707,2017,2017,2017-02-28,20170228,2,201702,February,20170214,201701,20164,2016,1,20171,Feb,3,2017,2017
2017-02-16,20170216,"February 16, 2017",16,47,28,2017-02-01,20170201,0,1,4,2017074,2016074,7,201707,2017,2017,2017-02-28,20170228,2,201702,February,20170215,201701,20164,2016,1,20171,Feb,4,2017,2017
2017-02-17,20170217,"February 17, 2017",17,48,28,2017-02-01,20170201,0,1,5,2017075,2016075,7,201707,2017,2017,2017-02-28,20170228,2,201702,February,20170216,201701,20164,2016,1,20171,Feb,5,2017,2017
2017-02-18,20170218,"February 18, 2017",18,49,28,2017-02-01,20170201,0,0,6,2017076,2016076,7,201707,2017,2017,2017-02-28,20170228,2,201702,February,20170217,201701,20164,2016,1,20171,Feb,6,2017,2017
2017-02-19,20170219,"February 19, 2017",19,50,28,2017-02-01,20170201,0,0,7,2017077,2016077,7,201707,2017,2017,2017-02-28,20170228,2,201702,February,20170218,201701,20164,2016,1,20171,Feb,7,2017,2017
2017-02-20,20170220,"February 20, 2017",20,51,28,2017-02-01,20170201,0,1,1,2017081,2016081,8,201708,2017,2017,2017-02-28,20170228,2,201702,February,20170219,201701,20164,2016,1,20171,Feb,1,2017,2017
2017-02-21,20170221,"February 21, 2017",21,52,28,2017-02-01,20170201,0,1,2,2017082,2016082,8,201708,2017,2017,2017-02-28,20170228,2,201702,February,20170220,201701,20164,2016,1,20171,Feb,2,2017,2017
2017-02-22,20170222,"February 22, 2017",22,53,28,2017-02-01,20170201,0,1,3,2017083,2016083,8,201708,2017,2017,2017-02-28,20170228,2,201702,February,20170221,201701,20164,2016,1,20171,Feb,3,2017,2017
2017-02-23,20170223,"February 23, 2017",23,54,28,2017-02-01,20170201,0,1,4,2017084,2016084,8,201708,2017,2017,2017-02-28,20170228,2,201702,February,20170222,201701,20164,2016,1,20171,Feb,4,2017,2017
2017-02-24,20170224,"February 24, 2017",24,55,28,2017-02-01,20170201,0,1,5,2017085,2016085,8,201708,2017,2017,2017-02-28,20170228,2,201702,February,20170223,201701,20164,2016,1,20171,Feb,5,2017,2017
2017-02-25,20170225,"February 25, 2017",25,56,28,2017-02-01,20170201,0,0,6,2017086,2016086,8,201708,2017,2017,2017-02-28,20170228,2,201702,February,20170224,201701,20164,2016,1,20171,Feb,6,2017,2017
2017-02-26,20170226,"February 26, 2017",26,57,28,2017-02-01,20170201,0,0,7,2017087,2016087,8,201708,2017,2017,2017-02-28,20170228,2,201702,February,20170225,201701,20164,2016,1,20171,Feb,7,2017,2017
2017-02-27,20170227,"February 27, 2017",27,58,28,2017-02-01,20170201,0,1,1,2017091,2016091,9,201709,2017,2017,2017-02-28,20170228,2,201702,February,20170226,201701,20164,2016,1,20171,Feb,1,2017,2017
2017-02-28,20170228,"February 28, 2017",28,59,28,2017-02-01,20170201,0,1,2,2017092,2016092,9,201709,2017,2017,2017-02-28,20170228,2,201702,February,20170227,201701,20164,2016,1,20171,Feb,2,2017,2017
2017-03-01,20170301,"March 01, 2017",1,60,31,2017-03-01,20170301,0,1,3,2017093,2016093,9,201709,2017,2017,2017-03-31,20170331,3,201703,March,20170228,201702,20164,2016,1,20171,Mar,3,2017,2017
2017-03-02,20170302,"March 02, 2017",2,61,31,2017-03-01,20170301,0,1,4,2017094,2016094,9,201709,2017,2017,2017-03-31,20170331,3,201703,March,20170301,201702,20164,2016,1,20171,Mar,4,2017,2017
2017-03-03,20170303,"March 03, 2017",3,62,31,2017-03-01,20170301,0,1,5,2017095,2016095,9,201709,2017,2017,2017-03-31,20170331,3,201703,March,20170302,201702,20164,2016,1,20171,Mar,5,2017,2017
2017-03-04,20170304,"March 04, 2017",4,63,31,2017-03-01,20170301,0,0,6,2017096,2016096,9,201709,2017,2017,2017-03-31,20170331,3,201703,March,20170303,201702,20164,2016,1,20171,Mar,6,2017,2017
2017-03-05,20170305,"March 05, 2017",5,64,31,2017-03-01,20170301,0,0,7,2017097,2016097,9,201709,2017,2017,2017-03-31,20170331,3,201703,March,20170304,201702,20164,2016,1,20171,Mar,7,2017,2017
2017-03-06,20170306,"March 06, 2017",6,65,31,2017-03-01,20170301,0,1,1,2017101,2016101,10,201710,2017,2017,2017-03-31,20170331,3,201703,March,20170305,201702,20164,2016,1,20171,Mar,1,2017,2017
2017-03-07,20170307,"March 07, 2017",7,66,31,2017-03-01,20170301,0,1,2,2017102,2016102,10,201710,2017,2017,2017-03-31,20170331,3,201703,March,20170306,201702,20164,2016,1,20171,Mar,2,2017,2017
2017-03-08,20170308,"March 08, 2017",8,67,31,2017-03-01,20170301,0,1,3,2017103,2016103,10,201710,2017,2017,2017-03-31,20170331,3,201703,March,20170307,201702,20164,2016,1,20171,Mar,3,2017,2017
2017-03-09,20170309,"March 09, 2017",9,68,31,2017-03-01,20170301,0,1,4,2017104,2016104,10,201710,2017,2017,2017-03-31,20170331,3,201703,March,20170308,201702,20164,2016,1,20171,Mar,4,2017,2017
2017-03-10,20170310,"March 10, 2017",10,69,31,2017-03-01,20170301,0,1,5,2017105,2016105,10,201710,2017,2017,2017-03-31,20170331,3,201703,March,20170309,201702,20164,2016,1,20171,Mar,5,2017,2017
2017-03-11,20170311,"March 11, 2017",11,70,31,2017-03-01,20170301,0,0,6,2017106,2016106,10,201710,2017,2017,2017-03-31,20170331,3,201703,March,20170310,201702,20164,2016,1,20171,Mar,6,2017,2017
2017-03-12,20170312,"March 12, 2017",12,71,31,2017-03-01,20170301,0,0,7,2017107,2016107,10,201710,2017,2017,2017-03-31,20170331,3,201703,March,20170311,201702,20164,2016,1,20171,Mar,7,2017,2017
2017-03-13,20170313,"March 13, 2017",13,72,31,2017-03-01,20170301,0,1,1,2017111,2016111,11,201711,2017,2017,2017-03-31,20170331,3,201703,March,20170312,201702,20164,2016,1,20171,Mar,1,2017,2017
2017-03-14,20170314,"March 14, 2017",14,73,31,2017-03-01,20170301,0,1,2,2017112,2016112,11,201711,2017,2017,2017-03-31,20170331,3,201703,March,20170313,201702,20164,2016,1,20171,Mar,2,2017,2017
2017-03-15,20170315,"March 15, 2017",15,74,31,2017-03-01,20170301,0,1,3,2017113,2016113,11,201711,2017,2017,2017-03-31,20170331,3,201703,March,20170314,201702,20164,2016,1,20171,Mar,3,2017,2017
2017-03-16,20170316,"March 16, 2017",16,75,31,2017-03-01,20170301,0,1,4,2017114,2016114,11,201711,2017,2017,2017-03-31,20170331,3,201703,March,20170315,201702,20164,2016,1,20171,Mar,4,2017,2017
2017-03-17,20170317,"March 17, 2017",17,76,31,2017-03-01,20170301,0,1,5,2017115,2016115,11,201711,2017,2017,2017-03-31,20170331,3,201703,March,20170316,201702,20164,2016,1,20171,Mar,5,2017,2017
2017-03-18,20170318,"March 18, 2017",18,77,31,2017-03-01,20170301,0,0,6,2017116,2016116,11,201711,2017,2017,2017-03-31,20170331,3,201703,March,20170317,201702,20164,2016,1,20171,Mar,6,2017,2017
2017-03-19,20170319,"March 19, 2017",19,78,31,2017-03-01,20170301,0,0,7,2017117,2016117,11,201711,2017,2017,2017-03-31,20170331,3,201703,March,20170318,201702,20164,2016,1,20171,Mar,7,2017,2017
2017-03-20,20170320,"March 20, 2017",20,79,31,2017-03-01,20170301,0,1,1,2017121,2016121,12,201712,2017,2017,2017-03-31,20170331,3,201703,March,20170319,201702,20164,2016,1,20171,Mar,1,2017,2017
2017-03-21,20170321,"March 21, 2017",21,80,31,2017-03-01,20170301,0,1,2,2017122,2016122,12,201712,2017,2017,2017-03-31,20170331,3,201703,March,20170320,201702,20164,2016,1,20171,Mar,2,2017,2017
2017-03-22,20170322,"March 22, 2017",22,81,31,2017-03-01,20170301,0,1,3,2017123,2016123,12,201712,2017,2017,2017-03-31,20170331,3,201703,March,20170321,201702,20164,2016,1,20171,Mar,3,2017,2017
2017-03-23,20170323,"March 23, 2017",23,82,31,2017-03-01,20170301,0,1,4,2017124,2016124,12,201712,2017,2017,2017-03-31,20170331,3,201703,March,20170322,201702,20164,2016,1,20171,Mar,4,2017,2017
2017-03-24,20170324,"March 24, 2017",24,83,31,2017-03-01,20170301,0,1,5,2017125,2016125,12,201712,2017,2017,2017-03-31,20170331,3,201703,March,20170323,201702,20164,2016,1,20171,Mar,5,2017,2017
2017-03-25,20170325,"March 25, 2017",25,84,31,2017-03-01,20170301,0,0,6,2017126,2016126,12,201712,2017,2017,2017-03-31,20170331,3,201703,March,20170324,201702,20164,2016,1,20171,Mar,6,2017,2017
2017-03-26,20170326,"March 26, 2017",26,85,31,2017-03-01,20170301,0,0,7,2017127,2016127,12,201712,2017,2017,2017-03-31,20170331,3,201703,March,20170325,201702,20164,2016,1,20171,Mar,7,2017,2017
2017-03-27,20170327,"March 27, 2017",27,86,31,2017-03-01,20170301,0,1,1,2017131,2016131,13,201713,2017,2017,2017-03-31,20170331,3,201703,March,20170326,201702,20164,2016,1,20171,Mar,1,2017,2017
2017-03-28,20170328,"March 28, 2017",28,87,31,2017-03-01,20170301,0,1,2,2017132,2016132,13,201713,2017,2017,2017-03-31,20170331,3,201703,March,20170327,201702,20164,2016,1,20171,Mar,2,2017,2017
2017-03-29,20170329,"March 29, 2017",29,88,31,2017-03-01,20170301,0,1,3,2017133,2016133,13,201713,2017,2017,2017-03-31,20170331,3,201703,March,20170328,201702,20164,2016,1,20171,Mar,3,2017,2017
2017-03-30,20170330,"March 30, 2017",30,89,31,2017-03-01,20170301,0,1,4,2017134,2016134,13,201713,2017,2017,2017-03-31,20170331,3,201703,March,20170329,201702,20164,2016,1,20171,Mar,4,2017,2017
2017-03-31,20170331,"March 31, 2017",31,90,31,2017-03-01,20170301,0,1,5,2017135,2016135,13,201713,2017,2017,2017-03-31,20170331,3,201703,March,20170330,201702,20164,2016,1,20171,Mar,5,2017,2017
2017-04-01,20170401,"April 01, 2017",1,91,30,2017-04-01,20170401,0,0,6,2017136,2016136,13,201713,2017,2017,2017-04-30,20170430,4,201704,April,20170331,201703,20171,2016,2,20172,Apr,6,2017,2017
2017-04-02,20170402,"April 02, 2017",2,92,30,2017-04-01,20170401,0,0,7,2017137,2016137,13,201713,2017,2017,2017-04-30,20170430,4,201704,April,20170401,201703,20171,2016,2,20172,Apr,7,2017,2017
2017-04-03,20170403,"April 03, 2017",3,93,30,2017-04-01,20170401,0,1,1,2017141,2016141,14,201714,2017,2017,2017-04-30,20170430,4,201704,April,20170402,201703,20171,2016,2,20172,Apr,1,2017,2017
2017-04-04,20170404,"April 04, 2017",4,94,30,2017-04-01,20170401,0,1,2,2017142,2016142,14,201714,2017,2017,2017-04-30,20170430,4,201704,April,20170403,201703,20171,2016,2,20172,Apr,2,2017,2017
2017-04-05,20170405,"April 05, 2017",5,95,30,2017-04-01,20170401,0,1,3,2017143,2016143,14,201714,2017,2017,2017-04-30,20170430,4,201704,April,20170404,201703,20171,2016,2,20172,Apr,3,2017,2017
2017-04-06,20170406,"April 06, 2017",6,96,30,2017-04-01,20170401,0,1,4,2017144,2016144,14,201714,2017,2017,2017-04-30,20170430,4,201704,April,20170405,201703,20171,2016,2,20172,Apr,4,2017,2017
2017-04-07,20170407,"April 07, 2017",7,97,30,2017-04-01,20170401,0,1,5,2017145,2016145,14,201714,2017,2017,2017-04-30,20170430,4,201704,April,20170406,201703,20171,2016,2,20172,Apr,5,2017,2017
2017-04-08,20170408,"April 08, 2017",8,98,30,2017-04-01,20170401,0,0,6,2017146,2016146,14,201714,2017,2017,2017-04-30,20170430,4,201704,April,20170407,201703,20171,2016,2,20172,Apr,6,2017,2017
2017-04-09,20170409,"April 09, 2017",9,99,30,2017-04-01,20170401,0,0,7,2017147,2016147,14,201714,2017,2017,2017-04-30,20170430,4,201704,April,20170408,201703,20171,2016,2,20172,Apr,7,2017,2017
2017-04-10,20170410,"April 10, 2017",10,100,30,2017-04-01,20170401,0,1,1,2017151,2016151,15,201715,2017,2017,2017-04-30,20170430,4,201704,April,20170409,201703,20171,2016,2,20172,Apr,1,2017,2017
2017-04-11,20170411,"April 11, 2017",11,101,30,2017-04-01,20170401,0,1,2,2017152,2016152,15,201715,2017,2017,2017-04-30,20170430,4,201704,April,20170410,201703,20171,2016,2,20172,Apr,2,2017,2017
2017-04-12,20170412,"April 12, 2017",12,102,30,2017-04-01,20170401,0,1,3,2017153,2016153,15,201715,2017,2017,2017-04-30,20170430,4,201704,April,20170411,201703,20171,2016,2,20172,Apr,3,2017,2017
2017-04-13,20170413,"April 13, 2017",13,103,30,2017-04-01,20170401,0,1,4,2017154,2016154,15,201715,2017,2017,2017-04-30,20170430,4,201704,April,20170412,201703,20171,2016,2,20172,Apr,4,2017,2017
2017-04-14,20170414,"April 14, 2017",14,104,30,2017-04-01,20170401,0,1,5,2017155,2016155,15,201715,2017,2017,2017-04-30,20170430,4,201704,April,20170413,201703,20171,2016,2,20172,Apr,5,2017,2017
2017-04-15,20170415,"April 15, 2017",15,105,30,2017-04-01,20170401,0,0,6,2017156,2016156,15,201715,2017,2017,2017-04-30,20170430,4,201704,April,20170414,201703,20171,2016,2,20172,Apr,6,2017,2017
2017-04-16,20170416,"April 16, 2017",16,106,30,2017-04-01,20170401,0,0,7,2017157,2016157,15,201715,2017,2017,2017-04-30,20170430,4,201704,April,20170415,201703,20171,2016,2,20172,Apr,7,2017,2017
2017-04-17,20170417,"April 17, 2017",17,107,30,2017-04-01,20170401,0,1,1,2017161,2016161,16,201716,2017,2017,2017-04-30,20170430,4,201704,April,20170416,201703,20171,2016,2,20172,Apr,1,2017,2017
2017-04-18,20170418,"April 18, 2017",18,108,30,2017-04-01,20170401,0,1,2,2017162,2016162,16,201716,2017,2017,2017-04-30,20170430,4,201704,April,20170417,201703,20171,2016,2,20172,Apr,2,2017,2017
2017-04-19,20170419,"April 19, 2017",19,109,30,2017-04-01,20170401,0,1,3,2017163,2016163,16,201716,2017,2017,2017-04-30,20170430,4,201704,April,20170418,201703,20171,2016,2,20172,Apr,3,2017,2017
2017-04-20,20170420,"April 20, 2017",20,110,30,2017-04-01,20170401,0,1,4,2017164,2016164,16,201716,2017,2017,2017-04-30,20170430,4,201704,April,20170419,201703,20171,2016,2,20172,Apr,4,2017,2017
2017-04-21,20170421,"April 21, 2017",21,111,30,2017-04-01,20170401,0,1,5,2017165,2016165,16,201716,2017,2017,2017-04-30,20170430,4,201704,April,20170420,201703,20171,2016,2,20172,Apr,5,2017,2017
2017-04-22,20170422,"April 22, 2017",22,112,30,2017-04-01,20170401,0,0,6,2017166,2016166,16,201716,2017,2017,2017-04-30,20170430,4,201704,April,20170421,201703,20171,2016,2,20172,Apr,6,2017,2017
2017-04-23,20170423,"April 23, 2017",23,113,30,2017-04-01,20170401,0,0,7,2017167,2016167,16,201716,2017,2017,2017-04-30,20170430,4,201704,April,20170422,201703,20171,2016,2,20172,Apr,7,2017,2017
2017-04-24,20170424,"April 24, 2017",24,114,30,2017-04-01,20170401,0,1,1,2017171,2016171,17,201717,2017,2017,2017-04-30,20170430,4,201704,April,20170423,201703,20171,2016,2,20172,Apr,1,2017,2017
2017-04-25,20170425,"April 25, 2017",25,115,30,2017-04-01,20170401,0,1,2,2017172,2016172,17,201717,2017,2017,2017-04-30,20170430,4,201704,April,20170424,201703,20171,2016,2,20172,Apr,2,2017,2017
2017-04-26,20170426,"April 26, 2017",26,116,30,2017-04-01,20170401,0,1,3,2017173,2016173,17,201717,2017,2017,2017-04-30,20170430,4,201704,April,20170425,201703,20171,2016,2,20172,Apr,3,2017,2017
2017-04-27,20170427,"April 27, 2017",27,117,30,2017-04-01,20170401,0,1,4,2017174,2016174,17,201717,2017,2017,2017-04-30,20170430,4,201704,April,20170426,201703,20171,2016,2,20172,Apr,4,2017,2017
2017-04-28,20170428,"April 28, 2017",28,118,30,2017-04-01,20170401,0,1,5,2017175,2016175,17,201717,2017,2017,2017-04-30,20170430,4,201704,April,20170427,201703,20171,2016,2,20172,Apr,5,2017,2017
2017-04-29,20170429,"April 29, 2017",29,119,30,2017-04-01,20170401,0,0,6,2017176,2016176,17,201717,2017,2017,2017-04-30,20170430,4,201704,April,20170428,201703,20171,2016,2,20172,Apr,6,2017,2017
2017-04-30,20170430,"April 30, 2017",30,120,30,2017-04-01,20170401,0,0,7,2017177,2016177,17,201717,2017,2017,2017-04-30,20170430,4,201704,April,20170429,201703,20171,2016,2,20172,Apr,7,2017,2017
2017-05-01,20170501,"May 01, 2017",1,121,31,2017-05-01,20170501,0,1,1,2017181,2016181,18,201718,2017,2017,2017-05-31,20170531,5,201705,May,20170430,201704,20171,2016,2,20172,May,1,2017,2017
2017-05-02,20170502,"May 02, 2017",2,122,31,2017-05-01,20170501,0,1,2,2017182,2016182,18,201718,2017,2017,2017-05-31,20170531,5,201705,May,20170501,201704,20171,2016,2,20172,May,2,2017,2017
2017-05-03,20170503,"May 03, 2017",3,123,31,2017-05-01,20170501,0,1,3,2017183,2016183,18,201718,2017,2017,2017-05-31,20170531,5,201705,May,20170502,201704,20171,2016,2,20172,May,3,2017,2017
2017-05-04,20170504,"May 04, 2017",4,124,31,2017-05-01,20170501,0,1,4,2017184,2016184,18,201718,2017,2017,2017-05-31,20170531,5,201705,May,20170503,201704,20171,2016,2,20172,May,4,2017,2017
2017-05-05,20170505,"May 05, 2017",5,125,31,2017-05-01,20170501,0,1,5,2017185,2016185,18,201718,2017,2017,2017-05-31,20170531,5,201705,May,20170504,201704,20171,2016,2,20172,May,5,2017,2017
2017-05-06,20170506,"May 06, 2017",6,126,31,2017-05-01,20170501,0,0,6,2017186,2016186,18,201718,2017,2017,2017-05-31,20170531,5,201705,May,20170505,201704,20171,2016,2,20172,May,6,2017,2017
2017-05-07,20170507,"May 07, 2017",7,127,31,2017-05-01,20170501,0,0,7,2017187,2016187,18,201718,2017,2017,2017-05-31,20170531,5,201705,May,20170506,201704,20171,2016,2,20172,May,7,2017,2017
2017-05-08,20170508,"May 08, 2017",8,128,31,2017-05-01,20170501,0,1,1,2017191,2016191,19,201719,2017,2017,2017-05-31,20170531,5,201705,May,20170507,201704,20171,2016,2,20172,May,1,2017,2017
2017-05-09,20170509,"May 09, 2017",9,129,31,2017-05-01,20170501,0,1,2,2017192,2016192,19,201719,2017,2017,2017-05-31,20170531,5,201705,May,20170508,201704,20171,2016,2,20172,May,2,2017,2017
2017-05-10,20170510,"May 10, 2017",10,130,31,2017-05-01,20170501,0,1,3,2017193,2016193,19,201719,2017,2017,2017-05-31,20170531,5,201705,May,20170509,201704,20171,2016,2,20172,May,3,2017,2017
2017-05-11,20170511,"May 11, 2017",11,131,31,2017-05-01,20170501,0,1,4,2017194,2016194,19,201719,2017,2017,2017-05-31,20170531,5,201705,May,20170510,201704,20171,2016,2,20172,May,4,2017,2017
2017-05-12,20170512,"May 12, 2017",12,132,31,2017-05-01,20170501,0,1,5,2017195,2016195,19,201719,2017,2017,2017-05-31,20170531,5,201705,May,20170511,201704,20171,2016,2,20172,May,5,2017,2017
2017-05-13,20170513,"May 13, 2017",13,133,31,2017-05-01,20170501,0,0,6,2017196,2016196,19,201719,2017,2017,2017-05-31,20170531,5,201705,May,20170512,201704,20171,2016,2,20172,May,6,2017,2017
2017-05-14,20170514,"May 14, 2017",14,134,31,2017-05-01,20170501,0,0,7,2017197,2016197,19,201719,2017,2017,2017-05-31,20170531,5,201705,May,20170513,201704,20171,2016,2,20172,May,7,2017,2017
2017-05-15,20170515,"May 15, 2017",15,135,31,2017-05-01,20170501,0,1,1,2017201,2016201,20,201720,2017,2017,2017-05-31,20170531,5,201705,May,20170514,201704,20171,2016,2,20172,May,1,2017,2017
2017-05-16,20170516,"May 16, 2017",16,136,31,2017-05-01,20170501,0,1,2,2017202,2016202,20,201720,2017,2017,2017-05-31,20170531,5,201705,May,20170515,201704,20171,2016,2,20172,May,2,2017,2017
2017-05-17,20170517,"May 17, 2017",17,137,31,2017-05-01,20170501,0,1,3,2017203,2016203,20,201720,2017,2017,2017-05-31,20170531,5,201705,May,20170516,201704,20171,2016,2,20172,May,3,2017,2017
2017-05-18,20170518,"May 18, 2017",18,138,31,2017-05-01,20170501,0,1,4,2017204,2016204,20,201720,2017,2017,2017-05-31,20170531,5,201705,May,20170517,201704,20171,2016,2,20172,May,4,2017,2017
2017-05-19,20170519,"May 19, 2017",19,139,31,2017-05-01,20170501,0,1,5,2017205,2016205,20,201720,2017,2017,2017-05-31,20170531,5,201705,May,20170518,201704,20171,2016,2,20172,May,5,2017,2017
2017-05-20,20170520,"May 20, 2017",20,140,31,2017-05-01,20170501,0,0,6,2017206,2016206,20,201720,2017,2017,2017-05-31,20170531,5,201705,May,20170519,201704,20171,2016,2,20172,May,6,2017,2017
2017-05-21,20170521,"May 21, 2017",21,141,31,2017-05-01,20170501,0,0,7,2017207,2016207,20,201720,2017,2017,2017-05-31,20170531,5,201705,May,20170520,201704,20171,2016,2,20172,May,7,2017,2017
2017-05-22,20170522,"May 22, 2017",22,142,31,2017-05-01,20170501,0,1,1,2017211,2016211,21,201721,2017,2017,2017-05-31,20170531,5,201705,May,20170521,201704,20171,2016,2,20172,May,1,2017,2017
2017-05-23,20170523,"May 23, 2017",23,143,31,2017-05-01,20170501,0,1,2,2017212,2016212,21,201721,2017,2017,2017-05-31,20170531,5,201705,May,20170522,201704,20171,2016,2,20172,May,2,2017,2017
2017-05-24,20170524,"May 24, 2017",24,144,31,2017-05-01,20170501,0,1,3,2017213,2016213,21,201721,2017,2017,2017-05-31,20170531,5,201705,May,20170523,201704,20171,2016,2,20172,May,3,2017,2017
2017-05-25,20170525,"May 25, 2017",25,145,31,2017-05-01,20170501,0,1,4,2017214,2016214,21,201721,2017,2017,2017-05-31,20170531,5,201705,May,20170524,201704,20171,2016,2,20172,May,4,2017,2017
2017-05-26,20170526,"May 26, 2017",26,146,31,2017-05-01,20170501,0,1,5,2017215,2016215,21,201721,2017,2017,2017-05-31,20170531,5,201705,May,20170525,201704,20171,2016,2,20172,May,5,2017,2017
2017-05-27,20170527,"May 27, 2017",27,147,31,2017-05-01,20170501,0,0,6,2017216,2016216,21,201721,2017,2017,2017-05-31,20170531,5,201705,May,20170526,201704,20171,2016,2,20172,May,6,2017,2017
2017-05-28,20170528,"May 28, 2017",28,148,31,2017-05-01,20170501,0,0,7,2017217,2016217,21,201721,2017,2017,2017-05-31,20170531,5,201705,May,20170527,201704,20171,2016,2,20172,May,7,2017,2017
2017-05-29,20170529,"May 29, 2017",29,149,31,2017-05-01,20170501,0,1,1,2017221,2016221,22,201722,2017,2017,2017-05-31,20170531,5,201705,May,20170528,201704,20171,2016,2,20172,May,1,2017,2017
2017-05-30,20170530,"May 30, 2017",30,150,31,2017-05-01,20170501,0,1,2,2017222,2016222,22,201722,2017,2017,2017-05-31,20170531,5,201705,May,20170529,201704,20171,2016,2,20172,May,2,2017,2017
2017-05-31,20170531,"May 31, 2017",31,151,31,2017-05-01,20170501,0,1,3,2017223,2016223,22,201722,2017,2017,2017-05-31,20170531,5,201705,May,20170530,201704,20171,2016,2,20172,May,3,2017,2017
2017-06-01,20170601,"June 01, 2017",1,152,30,2017-06-01,20170601,0,1,4,2017224,2016224,22,201722,2017,2017,2017-06-30,20170630,6,201706,June,20170531,201705,20171,2016,2,20172,Jun,4,2017,2017
2017-06-02,20170602,"June 02, 2017",2,153,30,2017-06-01,20170601,0,1,5,2017225,2016225,22,201722,2017,2017,2017-06-30,20170630,6,201706,June,20170601,201705,20171,2016,2,20172,Jun,5,2017,2017
2017-06-03,20170603,"June 03, 2017",3,154,30,2017-06-01,20170601,0,0,6,2017226,2016226,22,201722,2017,2017,2017-06-30,20170630,6,201706,June,20170602,201705,20171,2016,2,20172,Jun,6,2017,2017
2017-06-04,20170604,"June 04, 2017",4,155,30,2017-06-01,20170601,0,0,7,2017227,2016227,22,201722,2017,2017,2017-06-30,20170630,6,201706,June,20170603,201705,20171,2016,2,20172,Jun,7,2017,2017
2017-06-05,20170605,"June 05, 2017",5,156,30,2017-06-01,20170601,0,1,1,2017231,2016231,23,201723,2017,2017,2017-06-30,20170630,6,201706,June,20170604,201705,20171,2016,2,20172,Jun,1,2017,2017
2017-06-06,20170606,"June 06, 2017",6,157,30,2017-06-01,20170601,0,1,2,2017232,2016232,23,201723,2017,2017,2017-06-30,20170630,6,201706,June,20170605,201705,20171,2016,2,20172,Jun,2,2017,2017
2017-06-07,20170607,"June 07, 2017",7,158,30,2017-06-01,20170601,0,1,3,2017233,2016233,23,201723,2017,2017,2017-06-30,20170630,6,201706,June,20170606,201705,20171,2016,2,20172,Jun,3,2017,2017
2017-06-08,20170608,"June 08, 2017",8,159,30,2017-06-01,20170601,0,1,4,2017234,2016234,23,201723,2017,2017,2017-06-30,20170630,6,201706,June,20170607,201705,20171,2016,2,20172,Jun,4,2017,2017
2017-06-09,20170609,"June 09, 2017",9,160,30,2017-06-01,20170601,0,1,5,2017235,2016235,23,201723,2017,2017,2017-06-30,20170630,6,201706,June,20170608,201705,20171,2016,2,20172,Jun,5,2017,2017
2017-06-10,20170610,"June 10, 2017",10,161,30,2017-06-01,20170601,0,0,6,2017236,2016236,23,201723,2017,2017,2017-06-30,20170630,6,201706,June,20170609,201705,20171,2016,2,20172,Jun,6,2017,2017
2017-06-11,20170611,"June 11, 2017",11,162,30,2017-06-01,20170601,0,0,7,2017237,2016237,23,201723,2017,2017,2017-06-30,20170630,6,201706,June,20170610,201705,20171,2016,2,20172,Jun,7,2017,2017
2017-06-12,20170612,"June 12, 2017",12,163,30,2017-06-01,20170601,0,1,1,2017241,2016241,24,201724,2017,2017,2017-06-30,20170630,6,201706,June,20170611,201705,20171,2016,2,20172,Jun,1,2017,2017
2017-06-13,20170613,"June 13, 2017",13,164,30,2017-06-01,20170601,0,1,2,2017242,2016242,24,201724,2017,2017,2017-06-30,20170630,6,201706,June,20170612,201705,20171,2016,2,20172,Jun,2,2017,2017
2017-06-14,20170614,"June 14, 2017",14,165,30,2017-06-01,20170601,0,1,3,2017243,2016243,24,201724,2017,2017,2017-06-30,20170630,6,201706,June,20170613,201705,20171,2016,2,20172,Jun,3,2017,2017
2017-06-15,20170615,"June 15, 2017",15,166,30,2017-06-01,20170601,0,1,4,2017244,2016244,24,201724,2017,2017,2017-06-30,20170630,6,201706,June,20170614,201705,20171,2016,2,20172,Jun,4,2017,2017
2017-06-16,20170616,"June 16, 2017",16,167,30,2017-06-01,20170601,0,1,5,2017245,2016245,24,201724,2017,2017,2017-06-30,20170630,6,201706,June,20170615,201705,20171,2016,2,20172,Jun,5,2017,2017
2017-06-17,20170617,"June 17, 2017",17,168,30,2017-06-01,20170601,0,0,6,2017246,2016246,24,201724,2017,2017,2017-06-30,20170630,6,201706,June,20170616,201705,20171,2016,2,20172,Jun,6,2017,2017
2017-06-18,20170618,"June 18, 2017",18,169,30,2017-06-01,20170601,0,0,7,2017247,2016247,24,201724,2017,2017,2017-06-30,20170630,6,201706,June,20170617,201705,20171,2016,2,20172,Jun,7,2017,2017
2017-06-19,20170619,"June 19, 2017",19,170,30,2017-06-01,20170601,0,1,1,2017251,2016251,25,201725,2017,2017,2017-06-30,20170630,6,201706,June,20170618,201705,20171,2016,2,20172,Jun,1,2017,2017
2017-06-20,20170620,"June 20, 2017",20,171,30,2017-06-01,20170601,0,1,2,2017252,2016252,25,201725,2017,2017,2017-06-30,20170630,6,201706,June,20170619,201705,20171,2016,2,20172,Jun,2,2017,2017
2017-06-21,20170621,"June 21, 2017",21,172,30,2017-06-01,20170601,0,1,3,2017253,2016253,25,201725,2017,2017,2017-06-30,20170630,6,201706,June,20170620,201705,20171,2016,2,20172,Jun,3,2017,2017
2017-06-22,20170622,"June 22, 2017",22,173,30,2017-06-01,20170601,0,1,4,2017254,2016254,25,201725,2017,2017,2017-06-30,20170630,6,201706,June,20170621,201705,20171,2016,2,20172,Jun,4,2017,2017
2017-06-23,20170623,"June 23, 2017",23,174,30,2017-06-01,20170601,0,1,5,2017255,2016255,25,201725,2017,2017,2017-06-30,20170630,6,201706,June,20170622,201705,20171,2016,2,20172,Jun,5,2017,2017
2017-06-24,20170624,"June 24, 2017",24,175,30,2017-06-01,20170601,0,0,6,2017256,2016256,25,201725,2017,2017,2017-06-30,20170630,6,201706,June,20170623,201705,20171,2016,2,20172,Jun,6,2017,2017
2017-06-25,20170625,"June 25, 2017",25,176,30,2017-06-01,20170601,0,0,7,2017257,2016257,25,201725,2017,2017,2017-06-30,20170630,6,201706,June,20170624,201705,20171,2016,2,20172,Jun,7,2017,2017
2017-06-26,20170626,"June 26, 2017",26,177,30,2017-06-01,20170601,0,1,1,2017261,2016261,26,201726,2017,2017,2017-06-30,20170630,6,201706,June,20170625,201705,20171,2016,2,20172,Jun,1,2017,2017
2017-06-27,20170627,"June 27, 2017",27,178,30,2017-06-01,20170601,0,1,2,2017262,2016262,26,201726,2017,2017,2017-06-30,20170630,6,201706,June,20170626,201705,20171,2016,2,20172,Jun,2,2017,2017
2017-06-28,20170628,"June 28, 2017",28,179,30,2017-06-01,20170601,0,1,3,2017263,2016263,26,201726,2017,2017,2017-06-30,20170630,6,201706,June,20170627,201705,20171,2016,2,20172,Jun,3,2017,2017
2017-06-29,20170629,"June 29, 2017",29,180,30,2017-06-01,20170601,0,1,4,2017264,2016264,26,201726,2017,2017,2017-06-30,20170630,6,201706,June,20170628,201705,20171,2016,2,20172,Jun,4,2017,2017
2017-06-30,20170630,"June 30, 2017",30,181,30,2017-06-01,20170601,0,1,5,2017265,2016265,26,201726,2017,2017,2017-06-30,20170630,6,201706,June,20170629,201705,20171,2016,2,20172,Jun,5,2017,2017
2017-07-01,20170701,"July 01, 2017",1,182,31,2017-07-01,20170701,0,0,6,2017266,2016266,26,201726,2017,2017,2017-07-31,20170731,7,201707,July,20170630,201706,20172,2016,3,20173,Jul,6,2017,2017
2017-07-02,20170702,"July 02, 2017",2,183,31,2017-07-01,20170701,0,0,7,2017267,2016267,26,201726,2017,2017,2017-07-31,20170731,7,201707,July,20170701,201706,20172,2016,3,20173,Jul,7,2017,2017
2017-07-03,20170703,"July 03, 2017",3,184,31,2017-07-01,20170701,0,1,1,2017271,2016271,27,201727,2017,2017,2017-07-31,20170731,7,201707,July,20170702,201706,20172,2016,3,20173,Jul,1,2017,2017
2017-07-04,20170704,"July 04, 2017",4,185,31,2017-07-01,20170701,0,1,2,2017272,2016272,27,201727,2017,2017,2017-07-31,20170731,7,201707,July,20170703,201706,20172,2016,3,20173,Jul,2,2017,2017
2017-07-05,20170705,"July 05, 2017",5,186,31,2017-07-01,20170701,0,1,3,2017273,2016273,27,201727,2017,2017,2017-07-31,20170731,7,201707,July,20170704,201706,20172,2016,3,20173,Jul,3,2017,2017
2017-07-06,20170706,"July 06, 2017",6,187,31,2017-07-01,20170701,0,1,4,2017274,2016274,27,201727,2017,2017,2017-07-31,20170731,7,201707,July,20170705,201706,20172,2016,3,20173,Jul,4,2017,2017
2017-07-07,20170707,"July 07, 2017",7,188,31,2017-07-01,20170701,0,1,5,2017275,2016275,27,201727,2017,2017,2017-07-31,20170731,7,201707,July,20170706,201706,20172,2016,3,20173,Jul,5,2017,2017
2017-07-08,20170708,"July 08, 2017",8,189,31,2017-07-01,20170701,0,0,6,2017276,2016276,27,201727,2017,2017,2017-07-31,20170731,7,201707,July,20170707,201706,20172,2016,3,20173,Jul,6,2017,2017
2017-07-09,20170709,"July 09, 2017",9,190,31,2017-07-01,20170701,0,0,7,2017277,2016277,27,201727,2017,2017,2017-07-31,20170731,7,201707,July,20170708,201706,20172,2016,3,20173,Jul,7,2017,2017
2017-07-10,20170710,"July 10, 2017",10,191,31,2017-07-01,20170701,0,1,1,2017281,2016281,28,201728,2017,2017,2017-07-31,20170731,7,201707,July,20170709,201706,20172,2016,3,20173,Jul,1,2017,2017
2017-07-11,20170711,"July 11, 2017",11,192,31,2017-07-01,20170701,0,1,2,2017282,2016282,28,201728,2017,2017,2017-07-31,20170731,7,201707,July,20170710,201706,20172,2016,3,20173,Jul,2,2017,2017
2017-07-12,20170712,"July 12, 2017",12,193,31,2017-07-01,20170701,0,1,3,2017283,2016283,28,201728,2017,2017,2017-07-31,20170731,7,201707,July,20170711,201706,20172,2016,3,20173,Jul,3,2017,2017
2017-07-13,20170713,"July 13, 2017",13,194,31,2017-07-01,20170701,0,1,4,2017284,2016284,28,201728,2017,2017,2017-07-31,20170731,7,201707,July,20170712,201706,20172,2016,3,20173,Jul,4,2017,2017
2017-07-14,20170714,"July 14, 2017",14,195,31,2017-07-01,20170701,0,1,5,2017285,2016285,28,201728,2017,2017,2017-07-31,20170731,7,201707,July,20170713,201706,20172,2016,3,20173,Jul,5,2017,2017
2017-07-15,20170715,"July 15, 2017",15,196,31,2017-07-01,20170701,0,0,6,2017286,2016286,28,201728,2017,2017,2017-07-31,20170731,7,201707,July,20170714,201706,20172,2016,3,20173,Jul,6,2017,2017
2017-07-16,20170716,"July 16, 2017",16,197,31,2017-07-01,20170701,0,0,7,2017287,2016287,28,201728,2017,2017,2017-07-31,20170731,7,201707,July,20170715,201706,20172,2016,3,20173,Jul,7,2017,2017
2017-07-17,20170717,"July 17, 2017",17,198,31,2017-07-01,20170701,0,1,1,2017291,2016291,29,201729,2017,2017,2017-07-31,20170731,7,201707,July,20170716,201706,20172,2016,3,20173,Jul,1,2017,2017
2017-07-18,20170718,"July 18, 2017",18,199,31,2017-07-01,20170701,0,1,2,2017292,2016292,29,201729,2017,2017,2017-07-31,20170731,7,201707,July,20170717,201706,20172,2016,3,20173,Jul,2,2017,2017
2017-07-19,20170719,"July 19, 2017",19,200,31,2017-07-01,20170701,0,1,3,2017293,2016293,29,201729,2017,2017,2017-07-31,20170731,7,201707,July,20170718,201706,20172,2016,3,20173,Jul,3,2017,2017
2017-07-20,20170720,"July 20, 2017",20,201,31,2017-07-01,20170701,0,1,4,2017294,2016294,29,201729,2017,2017,2017-07-31,20170731,7,201707,July,20170719,201706,20172,2016,3,20173,Jul,4,2017,2017
2017-07-21,20170721,"July 21, 2017",21,202,31,2017-07-01,20170701,0,1,5,2017295,2016295,29,201729,2017,2017,2017-07-31,20170731,7,201707,July,20170720,201706,20172,2016,3,20173,Jul,5,2017,2017
2017-07-22,20170722,"July 22, 2017",22,203,31,2017-07-01,20170701,0,0,6,2017296,2016296,29,201729,2017,2017,2017-07-31,20170731,7,201707,July,20170721,201706,20172,2016,3,20173,Jul,6,2017,2017
2017-07-23,20170723,"July 23, 2017",23,204,31,2017-07-01,20170701,0,0,7,2017297,2016297,29,201729,2017,2017,2017-07-31,20170731,7,201707,July,20170722,201706,20172,2016,3,20173,Jul,7,2017,2017
2017-07-24,20170724,"July 24, 2017",24,205,31,2017-07-01,20170701,0,1,1,2017301,2016301,30,201730,2017,2017,2017-07-31,20170731,7,201707,July,20170723,201706,20172,2016,3,20173,Jul,1,2017,2017
2017-07-25,20170725,"July 25, 2017",25,206,31,2017-07-01,20170701,0,1,2,2017302,2016302,30,201730,2017,2017,2017-07-31,20170731,7,201707,July,20170724,201706,20172,2016,3,20173,Jul,2,2017,2017
2017-07-26,20170726,"July 26, 2017",26,207,31,2017-07-01,20170701,0,1,3,2017303,2016303,30,201730,2017,2017,2017-07-31,20170731,7,201707,July,20170725,201706,20172,2016,3,20173,Jul,3,2017,2017
2017-07-27,20170727,"July 27, 2017",27,208,31,2017-07-01,20170701,0,1,4,2017304,2016304,30,201730,2017,2017,2017-07-31,20170731,7,201707,July,20170726,201706,20172,2016,3,20173,Jul,4,2017,2017
2017-07-28,20170728,"July 28, 2017",28,209,31,2017-07-01,20170701,0,1,5,2017305,2016305,30,201730,2017,2017,2017-07-31,20170731,7,201707,July,20170727,201706,20172,2016,3,20173,Jul,5,2017,2017
2017-07-29,20170729,"July 29, 2017",29,210,31,2017-07-01,20170701,0,0,6,2017306,2016306,30,201730,2017,2017,2017-07-31,20170731,7,201707,July,20170728,201706,20172,2016,3,20173,Jul,6,2017,2017
2017-07-30,20170730,"July 30, 2017",30,211,31,2017-07-01,20170701,0,0,7,2017307,2016307,30,201730,2017,2017,2017-07-31,20170731,7,201707,July,20170729,201706,20172,2016,3,20173,Jul,7,2017,2017
2017-07-31,20170731,"July 31, 2017",31,212,31,2017-07-01,20170701,0,1,1,2017311,2016311,31,201731,2017,2017,2017-07-31,20170731,7,201707,July,20170730,201706,20172,2016,3,20173,Jul,1,2017,2017
2017-08-01,20170801,"August 01, 2017",1,213,31,2017-08-01,20170801,0,1,2,2017312,2016312,31,201731,2017,2017,2017-08-31,20170831,8,201708,August,20170731,201707,20172,2016,3,20173,Aug,2,2017,2017
2017-08-02,20170802,"August 02, 2017",2,214,31,2017-08-01,20170801,0,1,3,2017313,2016313,31,201731,2017,2017,2017-08-31,20170831,8,201708,August,20170801,201707,20172,2016,3,20173,Aug,3,2017,2017
2017-08-03,20170803,"August 03, 2017",3,215,31,2017-08-01,20170801,0,1,4,2017314,2016314,31,201731,2017,2017,2017-08-31,20170831,8,201708,August,20170802,201707,20172,2016,3,20173,Aug,4,2017,2017
2017-08-04,20170804,"August 04, 2017",4,216,31,2017-08-01,20170801,0,1,5,2017315,2016315,31,201731,2017,2017,2017-08-31,20170831,8,201708,August,20170803,201707,20172,2016,3,20173,Aug,5,2017,2017
2017-08-05,20170805,"August 05, 2017",5,217,31,2017-08-01,20170801,0,0,6,2017316,2016316,31,201731,2017,2017,2017-08-31,20170831,8,201708,August,20170804,201707,20172,2016,3,20173,Aug,6,2017,2017
2017-08-06,20170806,"August 06, 2017",6,218,31,2017-08-01,20170801,0,0,7,2017317,2016317,31,201731,2017,2017,2017-08-31,20170831,8,201708,August,20170805,201707,20172,2016,3,20173,Aug,7,2017,2017
2017-08-07,20170807,"August 07, 2017",7,219,31,2017-08-01,20170801,0,1,1,2017321,2016321,32,201732,2017,2017,2017-08-31,20170831,8,201708,August,20170806,201707,20172,2016,3,20173,Aug,1,2017,2017
2017-08-08,20170808,"August 08, 2017",8,220,31,2017-08-01,20170801,0,1,2,2017322,2016322,32,201732,2017,2017,2017-08-31,20170831,8,201708,August,20170807,201707,20172,2016,3,20173,Aug,2,2017,2017
2017-08-09,20170809,"August 09, 2017",9,221,31,2017-08-01,20170801,0,1,3,2017323,2016323,32,201732,2017,2017,2017-08-31,20170831,8,201708,August,20170808,201707,20172,2016,3,20173,Aug,3,2017,2017
2017-08-10,20170810,"August 10, 2017",10,222,31,2017-08-01,20170801,0,1,4,2017324,2016324,32,201732,2017,2017,2017-08-31,20170831,8,201708,August,20170809,201707,20172,2016,3,20173,Aug,4,2017,2017
2017-08-11,20170811,"August 11, 2017",11,223,31,2017-08-01,20170801,0,1,5,2017325,2016325,32,201732,2017,2017,2017-08-31,20170831,8,201708,August,20170810,201707,20172,2016,3,20173,Aug,5,2017,2017
2017-08-12,20170812,"August 12, 2017",12,224,31,2017-08-01,20170801,0,0,6,2017326,2016326,32,201732,2017,2017,2017-08-31,20170831,8,201708,August,20170811,201707,20172,2016,3,20173,Aug,6,2017,2017
2017-08-13,20170813,"August 13, 2017",13,225,31,2017-08-01,20170801,0,0,7,2017327,2016327,32,201732,2017,2017,2017-08-31,20170831,8,201708,August,20170812,201707,20172,2016,3,20173,Aug,7,2017,2017
2017-08-14,20170814,"August 14, 2017",14,226,31,2017-08-01,20170801,0,1,1,2017331,2016331,33,201733,2017,2017,2017-08-31,20170831,8,201708,August,20170813,201707,20172,2016,3,20173,Aug,1,2017,2017
2017-08-15,20170815,"August 15, 2017",15,227,31,2017-08-01,20170801,0,1,2,2017332,2016332,33,201733,2017,2017,2017-08-31,20170831,8,201708,August,20170814,201707,20172,2016,3,20173,Aug,2,2017,2017
2017-08-16,20170816,"August 16, 2017",16,228,31,2017-08-01,20170801,0,1,3,2017333,2016333,33,201733,2017,2017,2017-08-31,20170831,8,201708,August,20170815,201707,20172,2016,3,20173,Aug,3,2017,2017
2017-08-17,20170817,"August 17, 2017",17,229,31,2017-08-01,20170801,0,1,4,2017334,2016334,33,201733,2017,2017,2017-08-31,20170831,8,201708,August,20170816,201707,20172,2016,3,20173,Aug,4,2017,2017
2017-08-18,20170818,"August 18, 2017",18,230,31,2017-08-01,20170801,0,1,5,2017335,2016335,33,201733,2017,2017,2017-08-31,20170831,8,201708,August,20170817,201707,20172,2016,3,20173,Aug,5,2017,2017
2017-08-19,20170819,"August 19, 2017",19,231,31,2017-08-01,20170801,0,0,6,2017336,2016336,33,201733,2017,2017,2017-08-31,20170831,8,201708,August,20170818,201707,20172,2016,3,20173,Aug,6,2017,2017
2017-08-20,20170820,"August 20, 2017",20,232,31,2017-08-01,20170801,0,0,7,2017337,2016337,33,201733,2017,2017,2017-08-31,20170831,8,201708,August,20170819,201707,20172,2016,3,20173,Aug,7,2017,2017
2017-08-21,20170821,"August 21, 2017",21,233,31,2017-08-01,20170801,0,1,1,2017341,2016341,34,201734,2017,2017,2017-08-31,20170831,8,201708,August,20170820,201707,20172,2016,3,20173,Aug,1,2017,2017
2017-08-22,20170822,"August 22, 2017",22,234,31,2017-08-01,20170801,0,1,2,2017342,2016342,34,201734,2017,2017,2017-08-31,20170831,8,201708,August,20170821,201707,20172,2016,3,20173,Aug,2,2017,2017
2017-08-23,20170823,"August 23, 2017",23,235,31,2017-08-01,20170801,0,1,3,2017343,2016343,34,201734,2017,2017,2017-08-31,20170831,8,201708,August,20170822,201707,20172,2016,3,20173,Aug,3,2017,2017
2017-08-24,20170824,"August 24, 2017",24,236,31,2017-08-01,20170801,0,1,4,2017344,2016344,34,201734,2017,2017,2017-08-31,20170831,8,201708,August,20170823,201707,20172,2016,3,20173,Aug,4,2017,2017
2017-08-25,20170825,"August 25, 2017",25,237,31,2017-08-01,20170801,0,1,5,2017345,2016345,34,201734,2017,2017,2017-08-31,20170831,8,201708,August,20170824,201707,20172,2016,3,20173,Aug,5,2017,2017
2017-08-26,20170826,"August 26, 2017",26,238,31,2017-08-01,20170801,0,0,6,2017346,2016346,34,201734,2017,2017,2017-08-31,20170831,8,201708,August,20170825,201707,20172,2016,3,20173,Aug,6,2017,2017
2017-08-27,20170827,"August 27, 2017",27,239,31,2017-08-01,20170801,0,0,7,2017347,2016347,34,201734,2017,2017,2017-08-31,20170831,8,201708,August,20170826,201707,20172,2016,3,20173,Aug,7,2017,2017
2017-08-28,20170828,"August 28, 2017",28,240,31,2017-08-01,20170801,0,1,1,2017351,2016351,35,201735,2017,2017,2017-08-31,20170831,8,201708,August,20170827,201707,20172,2016,3,20173,Aug,1,2017,2017
2017-08-29,20170829,"August 29, 2017",29,241,31,2017-08-01,20170801,0,1,2,2017352,2016352,35,201735,2017,2017,2017-08-31,20170831,8,201708,August,20170828,201707,20172,2016,3,20173,Aug,2,2017,2017
2017-08-30,20170830,"August 30, 2017",30,242,31,2017-08-01,20170801,0,1,3,2017353,2016353,35,201735,2017,2017,2017-08-31,20170831,8,201708,August,20170829,201707,20172,2016,3,20173,Aug,3,2017,2017
2017-08-31,20170831,"August 31, 2017",31,243,31,2017-08-01,20170801,0,1,4,2017354,2016354,35,201735,2017,2017,2017-08-31,20170831,8,201708,August,20170830,201707,20172,2016,3,20173,Aug,4,2017,2017
2017-09-01,20170901,"September 01, 2017",1,244,30,2017-09-01,20170901,0,1,5,2017355,2016355,35,201735,2017,2017,2017-09-30,20170930,9,201709,September,20170831,201708,20172,2016,3,20173,Sep,5,2017,2017
2017-09-02,20170902,"September 02, 2017",2,245,30,2017-09-01,20170901,0,0,6,2017356,2016356,35,201735,2017,2017,2017-09-30,20170930,9,201709,September,20170901,201708,20172,2016,3,20173,Sep,6,2017,2017
2017-09-03,20170903,"September 03, 2017",3,246,30,2017-09-01,20170901,0,0,7,2017357,2016357,35,201735,2017,2017,2017-09-30,20170930,9,201709,September,20170902,201708,20172,2016,3,20173,Sep,7,2017,2017
2017-09-04,20170904,"September 04, 2017",4,247,30,2017-09-01,20170901,0,1,1,2017361,2016361,36,201736,2017,2017,2017-09-30,20170930,9,201709,September,20170903,201708,20172,2016,3,20173,Sep,1,2017,2017
2017-09-05,20170905,"September 05, 2017",5,248,30,2017-09-01,20170901,0,1,2,2017362,2016362,36,201736,2017,2017,2017-09-30,20170930,9,201709,September,20170904,201708,20172,2016,3,20173,Sep,2,2017,2017
2017-09-06,20170906,"September 06, 2017",6,249,30,2017-09-01,20170901,0,1,3,2017363,2016363,36,201736,2017,2017,2017-09-30,20170930,9,201709,September,20170905,201708,20172,2016,3,20173,Sep,3,2017,2017
2017-09-07,20170907,"September 07, 2017",7,250,30,2017-09-01,20170901,0,1,4,2017364,2016364,36,201736,2017,2017,2017-09-30,20170930,9,201709,September,20170906,201708,20172,2016,3,20173,Sep,4,2017,2017
2017-09-08,20170908,"September 08, 2017",8,251,30,2017-09-01,20170901,0,1,5,2017365,2016365,36,201736,2017,2017,2017-09-30,20170930,9,201709,September,20170907,201708,20172,2016,3,20173,Sep,5,2017,2017
2017-09-09,20170909,"September 09, 2017",9,252,30,2017-09-01,20170901,0,0,6,2017366,2016366,36,201736,2017,2017,2017-09-30,20170930,9,201709,September,20170908,201708,20172,2016,3,20173,Sep,6,2017,2017
2017-09-10,20170910,"September 10, 2017",10,253,30,2017-09-01,20170901,0,0,7,2017367,2016367,36,201736,2017,2017,2017-09-30,20170930,9,201709,September,20170909,201708,20172,2016,3,20173,Sep,7,2017,2017
2017-09-11,20170911,"September 11, 2017",11,254,30,2017-09-01,20170901,0,1,1,2017371,2016371,37,201737,2017,2017,2017-09-30,20170930,9,201709,September,20170910,201708,20172,2016,3,20173,Sep,1,2017,2017
2017-09-12,20170912,"September 12, 2017",12,255,30,2017-09-01,20170901,0,1,2,2017372,2016372,37,201737,2017,2017,2017-09-30,20170930,9,201709,September,20170911,201708,20172,2016,3,20173,Sep,2,2017,2017
2017-09-13,20170913,"September 13, 2017",13,256,30,2017-09-01,20170901,0,1,3,2017373,2016373,37,201737,2017,2017,2017-09-30,20170930,9,201709,September,20170912,201708,20172,2016,3,20173,Sep,3,2017,2017
2017-09-14,20170914,"September 14, 2017",14,257,30,2017-09-01,20170901,0,1,4,2017374,2016374,37,201737,2017,2017,2017-09-30,20170930,9,201709,September,20170913,201708,20172,2016,3,20173,Sep,4,2017,2017
2017-09-15,20170915,"September 15, 2017",15,258,30,2017-09-01,20170901,0,1,5,2017375,2016375,37,201737,2017,2017,2017-09-30,20170930,9,201709,September,20170914,201708,20172,2016,3,20173,Sep,5,2017,2017
2017-09-16,20170916,"September 16, 2017",16,259,30,2017-09-01,20170901,0,0,6,2017376,2016376,37,201737,2017,2017,2017-09-30,20170930,9,201709,September,20170915,201708,20172,2016,3,20173,Sep,6,2017,2017
2017-09-17,20170917,"September 17, 2017",17,260,30,2017-09-01,20170901,0,0,7,2017377,2016377,37,201737,2017,2017,2017-09-30,20170930,9,201709,September,20170916,201708,20172,2016,3,20173,Sep,7,2017,2017
2017-09-18,20170918,"September 18, 2017",18,261,30,2017-09-01,20170901,0,1,1,2017381,2016381,38,201738,2017,2017,2017-09-30,20170930,9,201709,September,20170917,201708,20172,2016,3,20173,Sep,1,2017,2017
2017-09-19,20170919,"September 19, 2017",19,262,30,2017-09-01,20170901,0,1,2,2017382,2016382,38,201738,2017,2017,2017-09-30,20170930,9,201709,September,20170918,201708,20172,2016,3,20173,Sep,2,2017,2017
2017-09-20,20170920,"September 20, 2017",20,263,30,2017-09-01,20170901,0,1,3,2017383,2016383,38,201738,2017,2017,2017-09-30,20170930,9,201709,September,20170919,201708,20172,2016,3,20173,Sep,3,2017,2017
2017-09-21,20170921,"September 21, 2017",21,264,30,2017-09-01,20170901,0,1,4,2017384,2016384,38,201738,2017,2017,2017-09-30,20170930,9,201709,September,20170920,201708,20172,2016,3,20173,Sep,4,2017,2017
2017-09-22,20170922,"September 22, 2017",22,265,30,2017-09-01,20170901,0,1,5,2017385,2016385,38,201738,2017,2017,2017-09-30,20170930,9,201709,September,20170921,201708,20172,2016,3,20173,Sep,5,2017,2017
2017-09-23,20170923,"September 23, 2017",23,266,30,2017-09-01,20170901,0,0,6,2017386,2016386,38,201738,2017,2017,2017-09-30,20170930,9,201709,September,20170922,201708,20172,2016,3,20173,Sep,6,2017,2017
2017-09-24,20170924,"September 24, 2017",24,267,30,2017-09-01,20170901,0,0,7,2017387,2016387,38,201738,2017,2017,2017-09-30,20170930,9,201709,September,20170923,201708,20172,2016,3,20173,Sep,7,2017,2017
2017-09-25,20170925,"September 25, 2017",25,268,30,2017-09-01,20170901,0,1,1,2017391,2016391,39,201739,2017,2017,2017-09-30,20170930,9,201709,September,20170924,201708,20172,2016,3,20173,Sep,1,2017,2017
2017-09-26,20170926,"September 26, 2017",26,269,30,2017-09-01,20170901,0,1,2,2017392,2016392,39,201739,2017,2017,2017-09-30,20170930,9,201709,September,20170925,201708,20172,2016,3,20173,Sep,2,2017,2017
2017-09-27,20170927,"September 27, 2017",27,270,30,2017-09-01,20170901,0,1,3,2017393,2016393,39,201739,2017,2017,2017-09-30,20170930,9,201709,September,20170926,201708,20172,2016,3,20173,Sep,3,2017,2017
2017-09-28,20170928,"September 28, 2017",28,271,30,2017-09-01,20170901,0,1,4,2017394,2016394,39,201739,2017,2017,2017-09-30,20170930,9,201709,September,20170927,201708,20172,2016,3,20173,Sep,4,2017,2017
2017-09-29,20170929,"September 29, 2017",29,272,30,2017-09-01,20170901,0,1,5,2017395,2016395,39,201739,2017,2017,2017-09-30,20170930,9,201709,September,20170928,201708,20172,2016,3,20173,Sep,5,2017,2017
2017-09-30,20170930,"September 30, 2017",30,273,30,2017-09-01,20170901,0,0,6,2017396,2016396,39,201739,2017,2017,2017-09-30,20170930,9,201709,September,20170929,201708,20172,2016,3,20173,Sep,6,2017,2017
2017-10-01,20171001,"October 01, 2017",1,274,31,2017-10-01,20171001,0,0,7,2017397,2016397,39,201739,2017,2017,2017-10-31,20171031,10,201710,October,20170930,201709,20173,2016,4,20174,Oct,7,2017,2017
2017-10-02,20171002,"October 02, 2017",2,275,31,2017-10-01,20171001,0,1,1,2017401,2016401,40,201740,2017,2017,2017-10-31,20171031,10,201710,October,20171001,201709,20173,2016,4,20174,Oct,1,2017,2017
2017-10-03,20171003,"October 03, 2017",3,276,31,2017-10-01,20171001,0,1,2,2017402,2016402,40,201740,2017,2017,2017-10-31,20171031,10,201710,October,20171002,201709,20173,2016,4,20174,Oct,2,2017,2017
2017-10-04,20171004,"October 04, 2017",4,277,31,2017-10-01,20171001,0,1,3,2017403,2016403,40,201740,2017,2017,2017-10-31,20171031,10,201710,October,20171003,201709,20173,2016,4,20174,Oct,3,2017,2017
2017-10-05,20171005,"October 05, 2017",5,278,31,2017-10-01,20171001,0,1,4,2017404,2016404,40,201740,2017,2017,2017-10-31,20171031,10,201710,October,20171004,201709,20173,2016,4,20174,Oct,4,2017,2017
2017-10-06,20171006,"October 06, 2017",6,279,31,2017-10-01,20171001,0,1,5,2017405,2016405,40,201740,2017,2017,2017-10-31,20171031,10,201710,October,20171005,201709,20173,2016,4,20174,Oct,5,2017,2017
2017-10-07,20171007,"October 07, 2017",7,280,31,2017-10-01,20171001,0,0,6,2017406,2016406,40,201740,2017,2017,2017-10-31,20171031,10,201710,October,20171006,201709,20173,2016,4,20174,Oct,6,2017,2017
2017-10-08,20171008,"October 08, 2017",8,281,31,2017-10-01,20171001,0,0,7,2017407,2016407,40,201740,2017,2017,2017-10-31,20171031,10,201710,October,20171007,201709,20173,2016,4,20174,Oct,7,2017,2017
2017-10-09,20171009,"October 09, 2017",9,282,31,2017-10-01,20171001,0,1,1,2017411,2016411,41,201741,2017,2017,2017-10-31,20171031,10,201710,October,20171008,201709,20173,2016,4,20174,Oct,1,2017,2017
2017-10-10,20171010,"October 10, 2017",10,283,31,2017-10-01,20171001,0,1,2,2017412,2016412,41,201741,2017,2017,2017-10-31,20171031,10,201710,October,20171009,201709,20173,2016,4,20174,Oct,2,2017,2017
2017-10-11,20171011,"October 11, 2017",11,284,31,2017-10-01,20171001,0,1,3,2017413,2016413,41,201741,2017,2017,2017-10-31,20171031,10,201710,October,20171010,201709,20173,2016,4,20174,Oct,3,2017,2017
2017-10-12,20171012,"October 12, 2017",12,285,31,2017-10-01,20171001,0,1,4,2017414,2016414,41,201741,2017,2017,2017-10-31,20171031,10,201710,October,20171011,201709,20173,2016,4,20174,Oct,4,2017,2017
2017-10-13,20171013,"October 13, 2017",13,286,31,2017-10-01,20171001,0,1,5,2017415,2016415,41,201741,2017,2017,2017-10-31,20171031,10,201710,October,20171012,201709,20173,2016,4,20174,Oct,5,2017,2017
2017-10-14,20171014,"October 14, 2017",14,287,31,2017-10-01,20171001,0,0,6,2017416,2016416,41,201741,2017,2017,2017-10-31,20171031,10,201710,October,20171013,201709,20173,2016,4,20174,Oct,6,2017,2017
2017-10-15,20171015,"October 15, 2017",15,288,31,2017-10-01,20171001,0,0,7,2017417,2016417,41,201741,2017,2017,2017-10-31,20171031,10,201710,October,20171014,201709,20173,2016,4,20174,Oct,7,2017,2017
2017-10-16,20171016,"October 16, 2017",16,289,31,2017-10-01,20171001,0,1,1,2017421,2016421,42,201742,2017,2017,2017-10-31,20171031,10,201710,October,20171015,201709,20173,2016,4,20174,Oct,1,2017,2017
2017-10-17,20171017,"October 17, 2017",17,290,31,2017-10-01,20171001,0,1,2,2017422,2016422,42,201742,2017,2017,2017-10-31,20171031,10,201710,October,20171016,201709,20173,2016,4,20174,Oct,2,2017,2017
2017-10-18,20171018,"October 18, 2017",18,291,31,2017-10-01,20171001,0,1,3,2017423,2016423,42,201742,2017,2017,2017-10-31,20171031,10,201710,October,20171017,201709,20173,2016,4,20174,Oct,3,2017,2017
2017-10-19,20171019,"October 19, 2017",19,292,31,2017-10-01,20171001,0,1,4,2017424,2016424,42,201742,2017,2017,2017-10-31,20171031,10,201710,October,20171018,201709,20173,2016,4,20174,Oct,4,2017,2017
2017-10-20,20171020,"October 20, 2017",20,293,31,2017-10-01,20171001,0,1,5,2017425,2016425,42,201742,2017,2017,2017-10-31,20171031,10,201710,October,20171019,201709,20173,2016,4,20174,Oct,5,2017,2017
2017-10-21,20171021,"October 21, 2017",21,294,31,2017-10-01,20171001,0,0,6,2017426,2016426,42,201742,2017,2017,2017-10-31,20171031,10,201710,October,20171020,201709,20173,2016,4,20174,Oct,6,2017,2017
2017-10-22,20171022,"October 22, 2017",22,295,31,2017-10-01,20171001,0,0,7,2017427,2016427,42,201742,2017,2017,2017-10-31,20171031,10,201710,October,20171021,201709,20173,2016,4,20174,Oct,7,2017,2017
2017-10-23,20171023,"October 23, 2017",23,296,31,2017-10-01,20171001,0,1,1,2017431,2016431,43,201743,2017,2017,2017-10-31,20171031,10,201710,October,20171022,201709,20173,2016,4,20174,Oct,1,2017,2017
2017-10-24,20171024,"October 24, 2017",24,297,31,2017-10-01,20171001,0,1,2,2017432,2016432,43,201743,2017,2017,2017-10-31,20171031,10,201710,October,20171023,201709,20173,2016,4,20174,Oct,2,2017,2017
2017-10-25,20171025,"October 25, 2017",25,298,31,2017-10-01,20171001,0,1,3,2017433,2016433,43,201743,2017,2017,2017-10-31,20171031,10,201710,October,20171024,201709,20173,2016,4,20174,Oct,3,2017,2017
2017-10-26,20171026,"October 26, 2017",26,299,31,2017-10-01,20171001,0,1,4,2017434,2016434,43,201743,2017,2017,2017-10-31,20171031,10,201710,October,20171025,201709,20173,2016,4,20174,Oct,4,2017,2017
2017-10-27,20171027,"October 27, 2017",27,300,31,2017-10-01,20171001,0,1,5,2017435,2016435,43,201743,2017,2017,2017-10-31,20171031,10,201710,October,20171026,201709,20173,2016,4,20174,Oct,5,2017,2017
2017-10-28,20171028,"October 28, 2017",28,301,31,2017-10-01,20171001,0,0,6,2017436,2016436,43,201743,2017,2017,2017-10-31,20171031,10,201710,October,20171027,201709,20173,2016,4,20174,Oct,6,2017,2017
2017-10-29,20171029,"October 29, 2017",29,302,31,2017-10-01,20171001,0,0,7,2017437,2016437,43,201743,2017,2017,2017-10-31,20171031,10,201710,October,20171028,201709,20173,2016,4,20174,Oct,7,2017,2017
2017-10-30,20171030,"October 30, 2017",30,303,31,2017-10-01,20171001,0,1,1,2017441,2016441,44,201744,2017,2017,2017-10-31,20171031,10,201710,October,20171029,201709,20173,2016,4,20174,Oct,1,2017,2017
2017-10-31,20171031,"October 31, 2017",31,304,31,2017-10-01,20171001,0,1,2,2017442,2016442,44,201744,2017,2017,2017-10-31,20171031,10,201710,October,20171030,201709,20173,2016,4,20174,Oct,2,2017,2017
2017-11-01,20171101,"November 01, 2017",1,305,30,2017-11-01,20171101,0,1,3,2017443,2016443,44,201744,2017,2017,2017-11-30,20171130,11,201711,November,20171031,201710,20173,2016,4,20174,Nov,3,2017,2017
2017-11-02,20171102,"November 02, 2017",2,306,30,2017-11-01,20171101,0,1,4,2017444,2016444,44,201744,2017,2017,2017-11-30,20171130,11,201711,November,20171101,201710,20173,2016,4,20174,Nov,4,2017,2017
2017-11-03,20171103,"November 03, 2017",3,307,30,2017-11-01,20171101,0,1,5,2017445,2016445,44,201744,2017,2017,2017-11-30,20171130,11,201711,November,20171102,201710,20173,2016,4,20174,Nov,5,2017,2017
2017-11-04,20171104,"November 04, 2017",4,308,30,2017-11-01,20171101,0,0,6,2017446,2016446,44,201744,2017,2017,2017-11-30,20171130,11,201711,November,20171103,201710,20173,2016,4,20174,Nov,6,2017,2017
2017-11-05,20171105,"November 05, 2017",5,309,30,2017-11-01,20171101,0,0,7,2017447,2016447,44,201744,2017,2017,2017-11-30,20171130,11,201711,November,20171104,201710,20173,2016,4,20174,Nov,7,2017,2017
2017-11-06,20171106,"November 06, 2017",6,310,30,2017-11-01,20171101,0,1,1,2017451,2016451,45,201745,2017,2017,2017-11-30,20171130,11,201711,November,20171105,201710,20173,2016,4,20174,Nov,1,2017,2017
2017-11-07,20171107,"November 07, 2017",7,311,30,2017-11-01,20171101,0,1,2,2017452,2016452,45,201745,2017,2017,2017-11-30,20171130,11,201711,November,20171106,201710,20173,2016,4,20174,Nov,2,2017,2017
2017-11-08,20171108,"November 08, 2017",8,312,30,2017-11-01,20171101,0,1,3,2017453,2016453,45,201745,2017,2017,2017-11-30,20171130,11,201711,November,20171107,201710,20173,2016,4,20174,Nov,3,2017,2017
2017-11-09,20171109,"November 09, 2017",9,313,30,2017-11-01,20171101,0,1,4,2017454,2016454,45,201745,2017,2017,2017-11-30,20171130,11,201711,November,20171108,201710,20173,2016,4,20174,Nov,4,2017,2017
2017-11-10,20171110,"November 10, 2017",10,314,30,2017-11-01,20171101,0,1,5,2017455,2016455,45,201745,2017,2017,2017-11-30,20171130,11,201711,November,20171109,201710,20173,2016,4,20174,Nov,5,2017,2017
2017-11-11,20171111,"November 11, 2017",11,315,30,2017-11-01,20171101,0,0,6,2017456,2016456,45,201745,2017,2017,2017-11-30,20171130,11,201711,November,20171110,201710,20173,2016,4,20174,Nov,6,2017,2017
2017-11-12,20171112,"November 12, 2017",12,316,30,2017-11-01,20171101,0,0,7,2017457,2016457,45,201745,2017,2017,2017-11-30,20171130,11,201711,November,20171111,201710,20173,2016,4,20174,Nov,7,2017,2017
2017-11-13,20171113,"November 13, 2017",13,317,30,2017-11-01,20171101,0,1,1,2017461,2016461,46,201746,2017,2017,2017-11-30,20171130,11,201711,November,20171112,201710,20173,2016,4,20174,Nov,1,2017,2017
2017-11-14,20171114,"November 14, 2017",14,318,30,2017-11-01,20171101,0,1,2,2017462,2016462,46,201746,2017,2017,2017-11-30,20171130,11,201711,November,20171113,201710,20173,2016,4,20174,Nov,2,2017,2017
2017-11-15,20171115,"November 15, 2017",15,319,30,2017-11-01,20171101,0,1,3,2017463,2016463,46,201746,2017,2017,2017-11-30,20171130,11,201711,November,20171114,201710,20173,2016,4,20174,Nov,3,2017,2017
2017-11-16,20171116,"November 16, 2017",16,320,30,2017-11-01,20171101,0,1,4,2017464,2016464,46,201746,2017,2017,2017-11-30,20171130,11,201711,November,20171115,201710,20173,2016,4,20174,Nov,4,2017,2017
2017-11-17,20171117,"November 17, 2017",17,321,30,2017-11-01,20171101,0,1,5,2017465,2016465,46,201746,2017,2017,2017-11-30,20171130,11,201711,November,20171116,201710,20173,2016,4,20174,Nov,5,2017,2017
2017-11-18,20171118,"November 18, 2017",18,322,30,2017-11-01,20171101,0,0,6,2017466,2016466,46,201746,2017,2017,2017-11-30,20171130,11,201711,November,20171117,201710,20173,2016,4,20174,Nov,6,2017,2017
2017-11-19,20171119,"November 19, 2017",19,323,30,2017-11-01,20171101,0,0,7,2017467,2016467,46,201746,2017,2017,2017-11-30,20171130,11,201711,November,20171118,201710,20173,2016,4,20174,Nov,7,2017,2017
2017-11-20,20171120,"November 20, 2017",20,324,30,2017-11-01,20171101,0,1,1,2017471,2016471,47,201747,2017,2017,2017-11-30,20171130,11,201711,November,20171119,201710,20173,2016,4,20174,Nov,1,2017,2017
2017-11-21,20171121,"November 21, 2017",21,325,30,2017-11-01,20171101,0,1,2,2017472,2016472,47,201747,2017,2017,2017-11-30,20171130,11,201711,November,20171120,201710,20173,2016,4,20174,Nov,2,2017,2017
2017-11-22,20171122,"November 22, 2017",22,326,30,2017-11-01,20171101,0,1,3,2017473,2016473,47,201747,2017,2017,2017-11-30,20171130,11,201711,November,20171121,201710,20173,2016,4,20174,Nov,3,2017,2017
2017-11-23,20171123,"November 23, 2017",23,327,30,2017-11-01,20171101,0,1,4,2017474,2016474,47,201747,2017,2017,2017-11-30,20171130,11,201711,November,20171122,201710,20173,2016,4,20174,Nov,4,2017,2017
2017-11-24,20171124,"November 24, 2017",24,328,30,2017-11-01,20171101,0,1,5,2017475,2016475,47,201747,2017,2017,2017-11-30,20171130,11,201711,November,20171123,201710,20173,2016,4,20174,Nov,5,2017,2017
2017-11-25,20171125,"November 25, 2017",25,329,30,2017-11-01,20171101,0,0,6,2017476,2016476,47,201747,2017,2017,2017-11-30,20171130,11,201711,November,20171124,201710,20173,2016,4,20174,Nov,6,2017,2017
2017-11-26,20171126,"November 26, 2017",26,330,30,2017-11-01,20171101,0,0,7,2017477,2016477,47,201747,2017,2017,2017-11-30,20171130,11,201711,November,20171125,201710,20173,2016,4,20174,Nov,7,2017,2017
2017-11-27,20171127,"November 27, 2017",27,331,30,2017-11-01,20171101,0,1,1,2017481,2016481,48,201748,2017,2017,2017-11-30,20171130,11,201711,November,20171126,201710,20173,2016,4,20174,Nov,1,2017,2017
2017-11-28,20171128,"November 28, 2017",28,332,30,2017-11-01,20171101,0,1,2,2017482,2016482,48,201748,2017,2017,2017-11-30,20171130,11,201711,November,20171127,201710,20173,2016,4,20174,Nov,2,2017,2017
2017-11-29,20171129,"November 29, 2017",29,333,30,2017-11-01,20171101,0,1,3,2017483,2016483,48,201748,2017,2017,2017-11-30,20171130,11,201711,November,20171128,201710,20173,2016,4,20174,Nov,3,2017,2017
2017-11-30,20171130,"November 30, 2017",30,334,30,2017-11-01,20171101,0,1,4,2017484,2016484,48,201748,2017,2017,2017-11-30,20171130,11,201711,November,20171129,201710,20173,2016,4,20174,Nov,4,2017,2017
2017-12-01,20171201,"December 01, 2017",1,335,31,2017-12-01,20171201,0,1,5,2017485,2016485,48,201748,2017,2017,2017-12-31,20171231,12,201712,December,20171130,201711,20173,2016,4,20174,Dec,5,2017,2017
2017-12-02,20171202,"December 02, 2017",2,336,31,2017-12-01,20171201,0,0,6,2017486,2016486,48,201748,2017,2017,2017-12-31,20171231,12,201712,December,20171201,201711,20173,2016,4,20174,Dec,6,2017,2017
2017-12-03,20171203,"December 03, 2017",3,337,31,2017-12-01,20171201,0,0,7,2017487,2016487,48,201748,2017,2017,2017-12-31,20171231,12,201712,December,20171202,201711,20173,2016,4,20174,Dec,7,2017,2017
2017-12-04,20171204,"December 04, 2017",4,338,31,2017-12-01,20171201,0,1,1,2017491,2016491,49,201749,2017,2017,2017-12-31,20171231,12,201712,December,20171203,201711,20173,2016,4,20174,Dec,1,2017,2017
2017-12-05,20171205,"December 05, 2017",5,339,31,2017-12-01,20171201,0,1,2,2017492,2016492,49,201749,2017,2017,2017-12-31,20171231,12,201712,December,20171204,201711,20173,2016,4,20174,Dec,2,2017,2017
2017-12-06,20171206,"December 06, 2017",6,340,31,2017-12-01,20171201,0,1,3,2017493,2016493,49,201749,2017,2017,2017-12-31,20171231,12,201712,December,20171205,201711,20173,2016,4,20174,Dec,3,2017,2017
2017-12-07,20171207,"December 07, 2017",7,341,31,2017-12-01,20171201,0,1,4,2017494,2016494,49,201749,2017,2017,2017-12-31,20171231,12,201712,December,20171206,201711,20173,2016,4,20174,Dec,4,2017,2017
2017-12-08,20171208,"December 08, 2017",8,342,31,2017-12-01,20171201,0,1,5,2017495,2016495,49,201749,2017,2017,2017-12-31,20171231,12,201712,December,20171207,201711,20173,2016,4,20174,Dec,5,2017,2017
2017-12-09,20171209,"December 09, 2017",9,343,31,2017-12-01,20171201,0,0,6,2017496,2016496,49,201749,2017,2017,2017-12-31,20171231,12,201712,December,20171208,201711,20173,2016,4,20174,Dec,6,2017,2017
2017-12-10,20171210,"December 10, 2017",10,344,31,2017-12-01,20171201,0,0,7,2017497,2016497,49,201749,2017,2017,2017-12-31,20171231,12,201712,December,20171209,201711,20173,2016,4,20174,Dec,7,2017,2017
2017-12-11,20171211,"December 11, 2017",11,345,31,2017-12-01,20171201,0,1,1,2017501,2016501,50,201750,2017,2017,2017-12-31,20171231,12,201712,December,20171210,201711,20173,2016,4,20174,Dec,1,2017,2017
2017-12-12,20171212,"December 12, 2017",12,346,31,2017-12-01,20171201,0,1,2,2017502,2016502,50,201750,2017,2017,2017-12-31,20171231,12,201712,December,20171211,201711,20173,2016,4,20174,Dec,2,2017,2017
2017-12-13,20171213,"December 13, 2017",13,347,31,2017-12-01,20171201,0,1,3,2017503,2016503,50,201750,2017,2017,2017-12-31,20171231,12,201712,December,20171212,201711,20173,2016,4,20174,Dec,3,2017,2017
2017-12-14,20171214,"December 14, 2017",14,348,31,2017-12-01,20171201,0,1,4,2017504,2016504,50,201750,2017,2017,2017-12-31,20171231,12,201712,December,20171213,201711,20173,2016,4,20174,Dec,4,2017,2017
2017-12-15,20171215,"December 15, 2017",15,349,31,2017-12-01,20171201,0,1,5,2017505,2016505,50,201750,2017,2017,2017-12-31,20171231,12,201712,December,20171214,201711,20173,2016,4,20174,Dec,5,2017,2017
2017-12-16,20171216,"December 16, 2017",16,350,31,2017-12-01,20171201,0,0,6,2017506,2016506,50,201750,2017,2017,2017-12-31,20171231,12,201712,December,20171215,201711,20173,2016,4,20174,Dec,6,2017,2017
2017-12-17,20171217,"December 17, 2017",17,351,31,2017-12-01,20171201,0,0,7,2017507,2016507,50,201750,2017,2017,2017-12-31,20171231,12,201712,December,20171216,201711,20173,2016,4,20174,Dec,7,2017,2017
2017-12-18,20171218,"December 18, 2017",18,352,31,2017-12-01,20171201,0,1,1,2017511,2016511,51,201751,2017,2017,2017-12-31,20171231,12,201712,December,20171217,201711,20173,2016,4,20174,Dec,1,2017,2017
2017-12-19,20171219,"December 19, 2017",19,353,31,2017-12-01,20171201,0,1,2,2017512,2016512,51,201751,2017,2017,2017-12-31,20171231,12,201712,December,20171218,201711,20173,2016,4,20174,Dec,2,2017,2017
2017-12-20,20171220,"December 20, 2017",20,354,31,2017-12-01,20171201,0,1,3,2017513,2016513,51,201751,2017,2017,2017-12-31,20171231,12,201712,December,20171219,201711,20173,2016,4,20174,Dec,3,2017,2017
2017-12-21,20171221,"December 21, 2017",21,355,31,2017-12-01,20171201,0,1,4,2017514,2016514,51,201751,2017,2017,2017-12-31,20171231,12,201712,December,20171220,201711,20173,2016,4,20174,Dec,4,2017,2017
2017-12-22,20171222,"December 22, 2017",22,356,31,2017-12-01,20171201,0,1,5,2017515,2016515,51,201751,2017,2017,2017-12-31,20171231,12,201712,December,20171221,201711,20173,2016,4,20174,Dec,5,2017,2017
2017-12-23,20171223,"December 23, 2017",23,357,31,2017-12-01,20171201,0,0,6,2017516,2016516,51,201751,2017,2017,2017-12-31,20171231,12,201712,December,20171222,201711,20173,2016,4,20174,Dec,6,2017,2017
2017-12-24,20171224,"December 24, 2017",24,358,31,2017-12-01,20171201,0,0,7,2017517,2016517,51,201751,2017,2017,2017-12-31,20171231,12,201712,December,20171223,201711,20173,2016,4,20174,Dec,7,2017,2017
2017-12-25,20171225,"December 25, 2017",25,359,31,2017-12-01,20171201,0,1,1,2017521,2016521,52,201752,2017,2017,2017-12-31,20171231,12,201712,December,20171224,201711,20173,2016,4,20174,Dec,1,2017,2017
2017-12-26,20171226,"December 26, 2017",26,360,31,2017-12-01,20171201,0,1,2,2017522,2016522,52,201752,2017,2017,2017-12-31,20171231,12,201712,December,20171225,201711,20173,2016,4,20174,Dec,2,2017,2017
2017-12-27,20171227,"December 27, 2017",27,361,31,2017-12-01,20171201,0,1,3,2017523,2016523,52,201752,2017,2017,2017-12-31,20171231,12,201712,December,20171226,201711,20173,2016,4,20174,Dec,3,2017,2017
2017-12-28,20171228,"December 28, 2017",28,362,31,2017-12-01,20171201,0,1,4,2017524,2016524,52,201752,2017,2017,2017-12-31,20171231,12,201712,December,20171227,201711,20173,2016,4,20174,Dec,4,2017,2017
2017-12-29,20171229,"December 29, 2017",29,363,31,2017-12-01,20171201,0,1,5,2017525,2016525,52,201752,2017,2017,2017-12-31,20171231,12,201712,December,20171228,201711,20173,2016,4,20174,Dec,5,2017,2017
2017-12-30,20171230,"December 30, 2017",30,364,31,2017-12-01,20171201,0,0,6,2017526,2016526,52,201752,2017,2017,2017-12-31,20171231,12,201712,December,20171229,201711,20173,2016,4,20174,Dec,6,2017,2017
2017-12-31,20171231,"December 31, 2017",31,365,31,2017-12-01,20171201,0,0,7,2017527,2016527,52,201752,2017,2017,2017-12-31,20171231,12,201712,December,20171230,201711,20173,2016,4,20174,Dec,7,2017,2017
